{"file_hashes":[{"block_hashes":["DOZdV3jFvk12AM2JNDYKo3KZrIVRprmJ+sVGWkqqE4Q=","rVElW3Hu3T52SzDDUqGT5YiJTBGUv2h3pNuBKFlhZ1U=","X/3fg4KZxgQ1jBr5QGq0F5JnflgE27UErd88mrxTcxs=","VibLbpy0ig+5INMOU71fTYN76iaka2XVpmm1qAKYsX8=","EChCwCbQHbHQ7oDdGT2qNyiRJ0yck2YC2emNGq4whtE="],"block_size":4096,"path":"_locales/iw/messages.json"},{"block_hashes":["xklkoZ7iSU1+7cd6DAtEmUC5lPFd+EgcbnzxkOiFwlk=","3KbsvoxKY/3AwqgF2aAdVQRpMhsNVRkQ3rx2A6Z2Z+Y=","o9+tsohquaCMj+70zeinRG/hBhA2uLoDl/WoC1uokME=","xV/K8xucyWJELVT8Cqn+ugFjobBVmg8pnmACF+2PP4Y=","p/mvJm2wuCl32Rx3it654MljKAsMe3S9IDEabc1A8mE=","j8mPrTb5oOsBTj2Fer78JE6xG6+kR64Cvu2SW8d3j/k=","nqSRpGQ3USU2bZJsZ+AzBmFOyann8omwJrhEWFZDTXc=","eTcQyJUuNuF9yCga/fXGyFCj/pysSceanhBzksdx23s=","Wj7faqnspelXKMvnduxHn1XUBG8TEOqyns7/oUihekM=","VtBwXoadI3EP336rAiL33Gz19KGqtN+RYdKnMKAXoLw=","iDgLXQqXJp8nCZxgLuC9LXM45DGfufvGnXvmHsn18wc=","g+RfdDfrWTUK0Pkcsbot7NJ4SC9wVRV/dVVMuHAtEj8=","2oC4HcCuXu3VjFf6wnKlznt9uqQNaebcuWpm/mWj69U=","aMUIpuFqPMiieSaWhIktCK62v2P3OZQAWupWsYzCnvk=","Lnb2LEtMtLWJCGUtUWftkTJKYT4zghUW+ljGX4+sMR8=","uD0VvuyrtMX8pL0Srswz2hCkA7SmqjZnLilZfK9gPBI=","5bwMxC3nb1ezecoNeVioa1ZQ8NaMfIOmW5hWVw0zs7Y=","8SU/I+rd4fcUukIumOV/9Fs3XQrGmugUgWHudyHZ70I=","mqVry7hishUun7pF3sSisqWrDjtBlgxkgu5VoS3KtF0=","kb5ooIgYWxs1F9yz2sU1Cc5u2CGefQHoUNRvf7gogwo=","2YxkAo9sFByHglpi6U9E/0XY1TUx9CfBWUKvq3ScP4c=","ZkMVos9J0E+0rQftLM+orOc0HOX09RCRkofVzUFaA/k=","mR3Ih3h6UvgYhwJlKO2xO8Mr0hLErDDs9JyagXXK4hI=","39iTX4rq5sAOWaoOsn/agKJDjlZaMfW9QRLM8+oN360=","JMqQGf6Wm+opg8xL+eTMnsLdha6EMX89wlTLr9UWPZE=","jsj1zH8moBkoh6nBWAWtrj61G25oHBpcnlQX1PsiOHY=","qJdgZ4n9eZMi3+Tl8GfnbcfZUVaRi1pv24kdbY98Jxw=","fiZ0Y3o4yqnx3BHA4rfVzZqHkFOa+3SqSqYwdvdurZg=","KH8Hv16c0W52KIBIVnwIsDz/rsces6rML4NSI3bAmFQ=","jOlo55B2UypAU8z/YCzSTTJ1j0VNU6S7ztgSD/JcXT0=","MlEMlI3tGc8st55i5fI5ZvQFqLeqsb9vG6Xf5GHLing=","T6a2HQbXYdUR4KeNVId6VeX33e5Pt0Cp6SYxF1A8Yf4=","pW2IlryenDyzGZozQtj3hdg4UuGN3mnTSNurRDZmi6U=","IuNqXQIIQPrDykcCqqe21Lsu2M0j1o3Nall7exENWs4=","w8HKTQNCUlGfaRykptWOJ49MnRz5sLZdu9SO9ug65lc=","ZqkXoqesZhZgnCh6a/f191aEF1JRL0aON36WpJSfHRg=","oyxotQBgCVPUIvqCiFcXXM1qRjPOUFspR6HN8ugBvwg=","Fv8erdjuEWnPZGUYC2KObvT6L0kVcYsZwneYO8eSxJ0=","7CcGnDOHCqdytvRn/wnw2ZsIv68q5LNVOnU4RtYgo3g=","As4QTQlc0z3wyao0Sn9tUBtEH6kabRl1TaRS+3rY/h4=","/VRMj5LlILpi7BJZhgs54xqV4YzzBsDQYjjlIzlCK0Q=","64D7dzmLiwh5T/CwAk6WJt9/y6gzJPS+by7wVs0CHXU=","KAVcPUDRm0/y2ofETrkAKS71dITWxDZ05Xu4QB+4GhM=","wUv+SxD6yok3GaM4OILOHDYxica/Rg0pqvsIEUi+ZnI=","HV95au9ooSv+VTwrRdRhn4BbcXT85kIoPTgzRDCmMu4=","wxhiYWfNrNY6S/xKNC4598xetb8LIb1Bd/Q1gVO2ZnU=","ZWsuz6IAtgj6zX2sU4mKNPj8XFlQyClH5U6UB56lVR8=","FetMJ9IlwNW+FCGUFBgS7/B8kWgmimIGrQxtIac+D3k=","raV30cU7djzGywSHVfg281Xq0XS3C7jXG08RSaTPslI=","foMy7/58eJrh/O5ybuyZwOEXq+8rs25UJXrQbtRPn/s=","Hj5deMH+x2eJuzE+7m4WcKU8W00zSM4VpBS+BRKsp48=","KpvWF7Z40WvCIGCwBkozPHPFlc/j3tPpKBGVPYBvu8s=","QnAfGSKUfnAWoY+ThyyF+dZOfGs1wjHHBu3EKq0g3S8=","i9e8rLDPvddANe3t4IqGUq+3+bBlJCxYeHU8mZpN7FQ=","rbsKP41+tVDVqIUfR39/pfZ+2i0ghgsTiigtrVEbkVs=","kwcXCCExjFbjAOYvYnF8jyxiHg0/E0dJRjkALpZtMvw=","HAIZEhq2bsaIaVwWOvMwTgAHKFPcX8xgJVuA6swoOio=","L+qHJa0YYLLMWDDKg7Mg2pq3XHuX044wsfU5FuE1I4Y=","U63ZtB+CQIooVlsQbEWWF5NR91jwa7p1V6wLOGm13Qk=","yHZVmvR6I5lQNdAFszST7LjmFZWXmlrFjqdI9bWsULk=","b7PWaU7b38juVAaI9H+sBGQp95S32DUtq0vsZliNzzQ=","OkDJ1MDv7/WfEMc1EFzmkinYF6GKJdNJQjPjPjBoqq0=","DNzwoLiTyX0UHUEXgOXhcD7yieThU8kML18mVqqi/eU=","PYvgqFp0ctaEBgi5hZ+nKbnXa3uJGecOjf8u9RGED9g=","N90L16TsPWi5c4YUAkhPXL7KaX+Ngs0nXdoTTRSklq4=","jx/mXfrCLiSocFHF9XFOwu0N1KgpQeJSDnCLz6NiPp4=","xvhZymv5jK98cJRSfmlPGDFZu2Xp0NiaMW1Jtv0yqq0=","0EBHXzXzjVMsZLml2942wuoV88SGSz+JKYbw98fYzBQ=","WRexTASyiwio6ulxwAysXwQfrb1+wvHUOH/JCdnR/GE=","Q4ilr/hRJC9DN3NLFShnSg1ofoWe0eshuC3iouLvRa0=","bKByUfWyanh0ugiLynPEjQdp+IS361PTvyRmhm+Sdb0=","lmsfdI5o1drP+WjlBppQtIbh5wEY6qCVgU1pYiUCIx8=","4SwqHfAHzgXLlJWQh7CJwmYV8s5bOxpEogCHdB+wgZI=","4mAa01zy+z3YWW55lJ0IUnT7cKK95IdFK3aiM1NzOjk=","wTIYRXH2WKspdspqh/utaNnOkZagYb9BuFzYe0p2QHo=","AIoi6rEZhy4dWt1eIGw7dE89L2yr/yy+MB+CgAzpuKg=","tnYnw8Ltkn23MFXVsSOHs+mCKbvrTBFDhhArTLaudiY=","9qtPnJ9GtESFBhFYvIvWBPXZxQqD25yiFOvJ3fLhFQg=","MV7mez8u/fIYY8WjK6GvdfKYEA95H0IMSUurLlY7MrM=","oRRtEGUeU7qqN9uuKzxY6OaWPyLniZ19Vjx4+JR6UHQ=","YRUxpHlnRbZSKD8nKXyauicESMXwabZ0X2B2iN0UDtQ=","Irh+I5wciVFb6AdvrqrzjMonfTEs110rBMOqdOhxSMI=","a/egYUJy86/dpA4Ehg8IcN5zzGAUVePgiGyHGiX8Vwk=","L9K/K7+9u3XrmijFTbVQ8SUc5uiea65mD8ybj/LzMxA=","ffNk8ddkyu1mFI8KXfTXyOQH5HlaxPM6JcAsy9kciKg=","jovJ2qFGrqB59jscjuivenEnU0lo9OJFnKRYtoONrUI=","zrnr6QWFI9cPUaUf1GJcRY1L2Wl3ZMvZA298a9OQnKY=","TxXJ70PKpcfqYZ4jpG84DfvZWUEjK3McJTBx250AecI=","EsnP+63tWn4yqA9uPgRXZtAV/+t8jFGJ0/AQqRRx91g=","lmOxKXNJKojBGucAy0Qwy1R4nbkln7fy4h0NU2CCgIU=","T4PX7QzUV9/UBZkbhtMKsYP04TetofwmmB+RNm1roGs=","3ZW6EkA+OAPhnb1rKEjvwEVWbQ3/ndi8yNaQPn+J/vs=","7mHQ3KDpBtk8AyEcLhQNMHfKURA1m3gAPj80IR30ecI=","rvURROE82URuXs8XQ1WcdPZGv6ZZCmKJxEyF8VjOgsw=","XvVshKNA6TyuPz1iTpfzdj2nelCLQtX/8CLr0swElbU=","oPHR86v2vOxnoUiyGq6Xo38eLXEHw0nDsixXKXn8wYQ=","Bmz8UvujeU91F3RHQKLz8/+j37vcl1M3TdqS/kovolQ=","TdgRaMUdYGOFNrVPCweEb8cwjsznib6XdKMMELVz5qM=","yQP6UzQHJI/yQPlVSx7W93skBLYdIHX9wIMgZr6QNaA=","0qnc2u1aGLB6flyxgTj8gC+ta5IK8fuToPzFJctCdPE=","hvczlyqeL1fRWT/EeGrf9kYGrqxYOc4KvPjdjvZssTY=","3gbYyYJ77kshiWiLvnsjLZl80KHd4mjNx7LHWKwL7LE=","MkEJYpKtSiGWct1O82M3WdMPdPFRyfaSMwFko/01z+g=","slQ7UvQQhNU5Znl8CzS1KuaGmma8eD0ymBhi7BX0LWk=","/pvJZF4CMlz7dxL87G48Y6WJYk7p8BxkIuo9iJtIqXQ=","MZDOoRcXWrz1Yjbu1KEkc8H3yn7ui+yxqHSzkUfJwgI=","bHNOGihZrFM1PsS/8LYnFFK54ok+6F8SIiQ1NNqGI0g=","v7QaT2yRHAfOY5j2RDERu+ju4Ke0l++SmMEHEF++XxA=","T83T1qyY0Ror8Lrw+vI2Mg0bpWnAWD5UQlHM+l/AkrI=","4PUsUH8eq7RmPbXUGsmp8O60wKYdlZaVn+l3zQ3uVGA=","7M3g3wPtNN2HLyY4RfAIYTPDfpIXE2UY/KdJwFLwAnM=","TuyKyBtm+22QWVbZtMwRkTT4yHjR1jrrO/R8TwFOeOU=","OUQbv0o4XXJGuQ5/BD3CPFur3rsw027OI4ygPrOE8+E=","zBp02czbZb0CrH4GdHEInjJrqn/nkHGFW4kLkMzvrmU=","pnUYFzRcKgGwTt4FNKyaAkZXv8jVGwUTLsvNMVod4EE=","aqtknApAgjK7NDLuzcJb2ycXC1qqqTDZvIKtLePtOc8=","LA8fJmyjgaT3qSIf2E/uGe5x0IfWobpwnFUYtqkRwg4=","rJmWzNfTusQZW1kn5JEwmLNknWa+/6iGadxTJCO1SFA=","PXyedcZtDbe6wjS71iltnZ7sYDsoO1VMwgWXd1+8olk=","BHHwnCiYLlJKDRQPKrJ1q+i4dQxzcnDTyMNLs2Vn+HQ=","l3vg2m4mAtEiLCVYeL/fRwyg+zJ/YIfl+ac/g56EscA=","k5mf8QMk1SdhAhZT58qltrqrutI8jzBrs0HFEtp91e4=","CYsMQ6woRnMN6djQe0FNZU9qLQdXP8xJ3d1SXqOFcRk=","aTTrmqplCewKAcEaV/akfAyL2tZYopReQxgbFugaZ2I=","ZWQez+a1I0N6MindUX0VYuLLER9Qj80Pfyv6JUFVkKs=","CfPJ6dug/LHzb9/rqbtZry478EP/57qu0Y9E8X9PhlA=","JozyVIvynjpwcqSBCevK9aLUVljzqYIkkvL7IhxNH0w=","W5ggBFnPchSk+x+Hl006uFKH/J3wrj9xyWyvb21m1sw=","B7vw8dt6XKIjgtGndkLuGx5GwkuQHMinJYVkljKKHHU=","c9Sok1cMrf/2xlaJleNSze+iqBOy6yW7CVXPLWd6pX0=","fjhCV5WKWuu9orR/9zr4/qPeuk2PW/y4dMJXMzDI+e0=","gUwQLPXoaIaGgWel7pxwHIKzC7uKihSc2EJ1REAiJcU=","ZzcrN6E2a8ANCe+XBDLqpG1nuhdv/7tSrY5BhbiJ+2Y=","iD3igtJPfSH5PJtdDbIOiSFtTUZjLMcb78IaPRg4M0c=","/bc1VfnCb8SAqnIJQrFadFvM/rvW8jLAX52Ucpo590E=","bNXj5XfG1wNhEbWQCotESGAzyjCJtXLRNgVN1UJq3sc=","HNExPZvcSHV/ZY0OMqyNKuet701WZS+kqYEHpSnd7zc=","MQQve6MLcjbX1RKO7Q+8lG4PTu34euIZ6UTqvUn5EH8=","baGHWvS567ovFjEiy2aYRwTHlJQghEYCVM+uNBXyYJg=","jpaStWzmT+3P8RIGkmaZEyk2l3kmd8OXbHF9BwrBgiE=","FdM17r2zjsXtLOt+eagFLy1xQ0QOS0F5On8vHhQ4axg=","HMuHyCVwCnHy7eieYJKrf+p5pH3TVoFDg+dg8MP9YnA=","IEdUkG2DOv2ZYZpBGVhXQm5S2GS5AYelLBocSpCv0p4=","i4t04/DThEeMacYzPUyfJSh1U8b6WXIIghdz1Y7fAY4=","hFO6/o1hjcwJWTgoamzIkxpOIt4qm76PW93NwWQ6RKk=","XqJJdH6G3wnXEgpP3kYSqwVaop17ztADWhB1H7CV8iQ=","Ew6pd4uY71P6CQ2SySF5u1ZVlztr3CBPDzRAqgQsaeQ=","F4GAU7ZKIZNBB8IQvw88jWq3ROPMIMumnf66YyFJEtM=","vdBPyVvxhAX8IBegUfnCFd/vdg+SIDTQn+3mfh2kBqs="],"block_size":4096,"path":"angular.js"},{"block_hashes":["sjO5DSSgVaYZZDq1mfUHyfSnTRVeDDCVnJZ4kvbquMI="],"block_size":4096,"path":"background_script.js"},{"block_hashes":["qQnIh6bscleE7xyCS4lM7dt23d2JkPnVXWh8v+AE/Ds=","gjRcyn2klw/FOUlCw6JeiQYbikI1Gj3YuQcX+kBYoQY=","Mh2Bh0U5WkTZvTKhEBnekndR4sxZbld0T07Ekcyt3Ok=","7jzs085Z4G2Mo0QrC6nBdnQZ+JPPpNrezHkqxdjqDrA=","NaKqA/iPBzUINkjufZfpqxKhaQZBfB03PVmTrfyRScQ=","cm4jHpYe9pPf18biAFKRhMeS54dd6HYdWh6x2oGOXus=","W5Loe16KtKe+Aui6iaLjhzNHDuMMTFYaPE5aPIZUBa4=","tHL0Mwv/pXM2wWScHS47mxnXOhQvhfxhXMIt2J0BmX8=","mB1h2crGWQ+0rbFfIQ0zNJgIbI3bi5wz5VKlEWoD7PY=","kcHxVZ4gaxaRrJ8kByByG8yF+ufLhS5nERbT0Kjmeag=","yLgbthHEz2I6P7KtffBUs6I66d9Ep203Nj8S1YlRbYc=","Ns6T9WrXKFXvB3j/mDUy3x+X9ilU4ccelQkfueW3Tbs=","LWwYJ/SgwwmLVpCP0iELeydl/bc2IPhc0hlIe4Lxthw="],"block_size":4096,"path":"cast_sender.js"},{"block_hashes":["oHsqJcu6wUeag8hK7hrrZ46UKKbz1ZT5ijWXeiRwN2M=","kJJwlmHFwKLg8jmGZYUOyPXhRynbjFPasAdihZX7Cmc=","Ij+spEmoN1Z0zkuGHg1xpVnO+KTOgxSeafzssljFfdY=","qRueSBvcLYEfQghMhImmg6JhCkr3Q08VoDJmJX8oIG8=","CgPehqYPpDDZ8uqkwF5b+0ReDMalA14XvDpogzH/lyI=","wGDmSzd9Jow8TgqUlBAaLg6dIpErKenACFJQs5crsNk=","uoAVedymzyq77xB1iyJoHBqMoPXAuNd/Am2OfJdLkTY=","cK8lKBHd/g0aQ4m1Ji6di1VjytmBupntWuTUvDknWjc=","+7RTwezmqtu6bSeHhp2lhGbMNnl+iKxaGi8JKINrNJA=","tOc+B4/rev5pd8m+vwcxFSCgBbEViEvaMpsXcxQb88M="],"block_size":4096,"path":"common.js"},{"block_hashes":["pYL8INvK0ZGAALaQ648jfsFOW4Nv1/eZw1cC2I2+aGI="],"block_size":4096,"path":"feedback.css"},{"block_hashes":["Ddrzt4b3WXKKBrhCr4hvcKqc2bboUcabiZar6MZXnto=","JBueFW4uCgSVQCDMI6x3RUIoufFi7oEziif1fXlnFYY=","7FvHKpznZqgTW8YDqHXs96d2kgXsU/1voDZaH1Hxz7k=","G4Lh2tua05VSxPZeva2hXpszXmrxQUAl7tYjtAEBY98="],"block_size":4096,"path":"feedback.html"},{"block_hashes":["hIVdxZlROsiPerPcDkewyHO3/hy7VL/nNiSVvxdCWkU=","lI+1DzgQ9lhge2L/62QpgGUukGfKajYNJ2AR/VkGPq4=","onV9YdjYAgvRUAI89HsGqRerWxBs0i4NbkkxyYyXllk=","SJleNMhS1hk38HNEete2KOH3rgSMYIDyEuALpC/Il4Y=","Sad6IaedH+APTzj3LaALbE5HxACED8jADf5fv4UpheI=","FcJ14qyII8/qbRLb54ApYLGQX1PQrAs6kY2UeWqau3E="],"block_size":4096,"path":"feedback_script.js"},{"block_hashes":["Zw4WW2IcwQZ8J7V2pH7SQKd+g+SKQJ2H8ZyiGBHlBKA=","HiBiTwofvpGM3jTv2JPI9DpIkhE5GRDcXHTl5vtvkk8=","DrM4UKj6LwZaSWW36fuQUyvQ3XwRqVzrQCw0L8j53UA=","d0TXGM7pAnSzTv0Sv3VTgW73sQxE/C1/OFiKvwdnIos=","tG+VD3MHLG+T/VmB7NYk92Qg7QDSTIFaqOnxS1i+NCI=","bgkFAjoSskDhsbba/Ujy54qxcHSdgQg2WYHJPQJ9w6A=","n3YQ9jqX8dXcR/9OuOsIWFNtJyrpseHK/RNVvq6hno0=","8xE9HLb+aIiGiiIf63c0z+vFmUd79A2iWGpPiX6hiM8=","fIwyolptbM864pE0FQnqeZ/wXkL5M3aoHjwMqxfzEQo=","OQkTT9S0RwM4sOtF1lJlsK3OXOtLSncmk7SWmM/QXPo=","xMWoENucrC4bxPRyyGxw18LMlXVJWnsSbLT1HcctMoA=","Mm1HrB+YmUkie/tdDKWYTXde6YqKArRsg95wtYqnhik=","1BdH9d/PiloL6zWDDCha86DVvy01jMosr0/eHztbNX0=","aJbeZ5xygVZ8y/oIGwHvq4gPawyFJpeA5LN9Ty8pw1Q=","x/7X7O+FT6uuS/HEQZpY5Xy3ZxZWqk2Gk7VDTgAYkDM=","lhpr0KtavjcqiW5v6LaEonKujin/ZIVtum/iEzL51bw=","/9SO1THHRFztQ/1PJRjbppK58uHaCnJgHcjnn6GYjsA=","dCInWKlE47Ni5+c88A7cmyLe8K3WRfLsUTm8JxcZktk=","uQjgM93w+UKz4mecgqxwvgmsHsVGRkZouoqqV/Evr9o=","NrDQWdSIFMpjZ+OW2+2tettLW5OlG4sz3H+PrC8ExNw=","jq0oMORr9mrhNmLvRh2XnV2FKgocP0gL+1IZFqXP39U=","uCTeHtd/sk/uZXI5DIwagc9U4C4svlCylX71P9X4da8=","xDRxwo3nJf9VJUV/zw9goeSL8/o/eIAGX0NVvogwaaA=","4epKtbF5Jgd8SwR6+RUE3c7LiN8HQqtcTpOCRLgURJE=","+AHCE+F9if0kDqzvZ7+e0QG7/B0SQVQ9tKo5zaOkEYU=","14ygPnQrYwoQsYZaDcFf6auqkMy5IB+3TV1ru70C87c=","T0OpmUOVjE40e0OXFmY2xA7huG4AArNHw94K5vrKBKM=","SN3EFwEGBkZaCblrlHWqaADWWrvPcaZQgxbT2XrmS2o=","DOK67U1UUg4Z4Gcp8SAkGa2lGXsqpdWt8CFytTvUGyM=","uKsRlQTCc95ImFRy2VZ5wp+RQsvpYPOh/oT8vASIXfA=","zt3Pd/w97xIbTUApSfb5ZGIBvcpSRtbGd84dXu2BhgA=","3h1z74VhK4U/ok9WAgOWyECAgebdywOUg3nl1kHOy28=","SqtUlcr1xID+R7maXM9PqR7/tQXQGnUV5R+MJy3lHjY=","mdG4esBh49Gn3n2iXMM9A1/LqOF6MjhPc7Vrg/EjYhU=","5rkRwEnIHLAHYBtptWLeq1plaVW0UB2leGIrevS6/gs=","h3K4arT0eIRMoYLRh7+K4nFb7+iVnMYapZVte3rsFrY=","GrLU/m3Usf3KUV8fKfrNfH0a3qp3AuyBHVQGN9K8zuU=","gtnBqcKccVyK5zXLLZvmyq75w6RskqYkoDzzEQ1Kvjk=","zoRGqi3XmHA7xlM3S04ukTTUBHJqfnfhWEheIB6yUCA=","lhp5hNWsMM8EYzjSzPDFfEGM2LWKKOMe6heH6XhHqfk=","gl650WKhQkQX760TkayV46TlbCrJQUgARMQyyhwHm9k=","SF2zMnSYGjJOjjk/C1Xqs67/8685phsigJpSAz8wrvY=","/nI1ELN5i7+ssv5J4I9NjAYNt/Vd1Vt/jna0ksGeT4A=","2ozxW2swTKLwmdJ+fysV/hW3gtl2yzensQYkVEf6ZIw=","6SC1jW56ZaaKHVhr4/cZ0u4VEt2DIIjs1S/CB1a0hOs=","aHpS04k+nfeBZM+jHMyZkAR1qX9WLYN+shaNGbQmVv4=","6RDQafBd5xAhykLwJy8mHQjVeTnXzY2nj8Wn8Y5R6nQ=","yguf1ZoXSjCgyqUejpJygZAxEyuN9KDD0thZnAzWYyM=","UTednwCtVCiwfW10/zZQGbumdHUyzx8IdDiGrH88k8k=","w0I7gbxV29J8dS1YwYD/wbjGpVGkMYAJ0XBloTMO9e0=","+nO1bQzJQHf1vijDkK5uQTJCPtYPgvKtsAPfV76bJIU=","Mp0O+I97mQmjKbWLSc+mtqtQFFNvXZJNpXwNWQV1NVA=","/ev+qTNo/us7b72hyJtJort5QZxPKar8le44ZhKBLwc=","xDxw/TK13IVNi/x9wLUKg/lUIgK2qj0ukfV7SFxCRLA=","RXaLdqaR9V5KRx68wTV+MrPx6zpOjej8etZ6qHYwGYc=","KgBtbUkhNAcel+CHKfVzhJGbQBNjJBz7xUevjrZzdaw=","foOwjOo/gtPa8tR4oiZNwOFyquTcJvsqlENuVuMMxj8=","MjGwn+wtfh8Ly1XnObvxKg2Bd2svM7egl9JDG3Yp7Yw=","rt+rO+3QXFXyzIv0kAe4GJtuVkMTamOiIeC6g48LWp8=","QGlPLGTRuRKxu4g98pjzOXn7JlkGjavUUQG5IUeJAC4=","4vOyks8vNa18QNGwAWsTzdsfr3bx+vEbd18L9SalLOU=","LcCowXshyCPGatkCyaISbEE6y5rzoIKuS69XHBbOMoI=","JuL2fEPzKznfJGNWbTL4yi+rOiXq+Ydc3xvPKkK7LYw=","9y/716Lrq0vtl2SUY4glGFGJCEBEyuv7380dFn5DKnE=","zu1x1rdyUMEFM6efO7v/1f7SYweAT40O2yZJ8AIGmv8=","p12qngNvtXj71A5WpGzxlMU2K/vUmcgm5Xj+8aDLiPQ=","kEFLgPeO/La9OHsT1CZv1Fgd96jwJlyQRPg5fzOpJDA=","Ud53G8oTyS7wVP6QBsLIZok9gxJidVVujnOuLZd1qv0=","dQnisFetOG5285PgeULvE2bfybOH9SFREVO57GIm9Tc=","Z/3PqET8hL2vchF0aeJVjsTHGhzYoe537x49Erpxcr8=","YWIWOFYZOqSTzFi1jR164t5cjQZ93tbDnn9YKwv+/6k=","S0BCwiY0SK+uCK/AisZjVuD9ym8I2VS7mD3goAJkVLg=","vXRgfievf4wn+2ohUnq91YR9z0REAY6AAq5O+C+/400=","UX2pDoYfH0HLIJhYcI0Ftbsz7LLeGv98Fel9yDZfWok=","VEW4u47GlOhUAhvHjgvAh5+jz2tGXRzkejPirbGGgCo=","0yQpPWiU9ycWywU2m7sN1l6JYhSfMrduBWJOFRQ0nh8=","qOO/AaYa4QyTjRM5kPbsfTXKXCe9Z+rUMepYduZIpEw=","x4trG3gDdjVLRTc3+JdR/75G4GnB1Zv/sJwJjaPNx30=","M5dRPhbwHUXPmfK9ZOrU9GVIW+o/+tfg3xJRS9usuDs="],"block_size":4096,"path":"material_css_min.css"},{"block_hashes":["WjYhNK/Y6xgUCSSwf5yb9nNVtkO1ix/8vB3kXtQ1Cv8=","QxD2GDAMtWNSrRt6/C2fym4RqyGMxBIR7huGhZoLYMA=","RqI+lYIdOqibPBGQrgR4o+7VCe2nfrMLqQn8N/DBj20=","nEab0zK1hAB3WOwEioaB3+KiDbwFaJGhQLe4bUiEuNQ=","EPzCNqWA8FAWlUQMv85eJjqTnD8OzKX6/Y/jwA/wFRI=","a9dd6VsaqorawAn6FkPF2GHDCeVOq+hsXPMcToZTkzs=","i73wKSoG0wC2esEGx/qvihk7/E2O6WhxMJkIyzEL8XU=","xbgh4n+UaLFVPBCOQ0vCoR664qBEa8lfdHXlHvPLZu8=","sx8qABnfsMmnihiTK/nQsHPnje8j5I8CUftw0Aoli34=","D9jczeVpR/pPVKrf+qx4jKbGjbeChnAgCSRlv7i6Fx0="],"block_size":4096,"path":"mirroring_cast_streaming.js"},{"block_hashes":["qwHaExPgYjEidBtejE7cNs/XW9GPlHI4iIwAzwSwoo0=","D0Y4vlvILaYo5NvIpmoL7Zw6+13g7ZWGhfg0Kqx8I/w=","rThpTHeUUt3Ebz5aHpcvD5kztrFVO8VdupJkD7zbqd4=","hnjpxretzfxwoGCY/QD9SPGdNqLTqANtDyHFmsSOD9Q=","bTHl/hBPIP4VEIMHbG/rxGBtDQZxzCmMbC5QsQNGPF4=","+XRqqEg1WZMYBIe4ui9VHvklps+qXkYvssyXHNU3vvk=","jHSllflqc+npz4V3a3TAQmaYSsjm9/9oz6RdR23iCqI=","TacLs/BnKcgaTUC72nQ8jbanPF/vq+kHb9qvrDUm8EE=","jlKNtjRLVcY5WEPkN4CTMDE3TAue82JAMACkeHkUOHA=","GeXgleCTFwPKtwXkdvALhU1Ur2WNKaP5R0xqNiIgZPk=","WQqTiuL7yIA13NE14i8+8Sgus/11Nu8Elhe5ep2R3+s=","TarnLctNR9wYYSdPtp7Vqq+ySITL1iwthwgk4ej9BA0=","7Qn6u8mYyJo8ULj8JtrbYDgEADtn77EanBlNMEJC0Rs=","xeHk0CvRrcyWhII2pMrCFMYvf7qNLaPHOkmKakJS4Mk=","FNpDdJrfoF8Nn0oNJEapzcAWzOwAdd2jHDQGJogi7jg=","OtrB9joK6WfrIQQG7gI8HrMWHEXbpOWNAylhNOITJFk=","ZffptbmDh9t7l5PcTPLUCS+5NoFTKN/Lcesp4Lohbo8=","Va+VkUXR8veE8AWPLNp+v9W4UDbSeSXplih7eJCniDE=","sy1zqYgjUpq7lyCB//iYJd+tJQap4neIjNHGx3nwMMA=","yjeBW6em9pAADMacwF3vHl2810VZwDoe/3Gt/5JioLQ=","Jw4GuT0nRq+LY8IGcN+TvyQsPC1Ot1N35DbyzbJzmJo=","AwGv+HGq52mKagXlcVeyaMsRlBmfnglcu/oTkjkChz4=","pPzKxIJzhn84jQkaz6vFF+Cy1iqL5JFQ3ssMh5S/uho=","SazaoUn1Vs7UO7zLsR6clpi71pmyzp06uxrg3LgJFrk=","OXHO1cV/2PGkssZerAMJYF53gufN5kL4fVEz0vHNC8U=","gLFPehkShblXqLDAo2Lv2j9Z5mluST7smMcOhJJcfII=","oxBAQ4G2GBbtndluc1btmQ2mc8+GIvWYBynk0KxDZ3E=","+/dXgHuFSQf2ISYgrK6csFFykekp//E9x6v23etlF70=","CowFGp5UM+PGD5z7MwB76tgar59bYurOCDXR4AWlpy4=","42ERMoOlcUJBmC+U3+mulGnK9Xc3y0M5CVjwbKWHJvo=","gI/bJwCPRN6xET7s6+xfHbx8kC1q5Q3B2iEGyKw/A6Q=","kY8JBSLIxHZP9p1pjMuyg6FPFJTwGD9dNqm4SU+K0C4=","TCAwe7a2fI9OdO4RuUNLPUgcn1a/zSHPm1oNEx1YHpg=","gT0OUhvKhb3rgcBIs6vmuR3NZtiF430JTJtAvA6ZlXQ=","TOH2KvA6WHU/JlJZXU1YZ9UjjMWzU1mMS1Yljs6QCWc=","2znq9I3Zv1aX85Irm5TUcwEX201p4Pesdc6iY8AobMA=","hqj+8Cn8zrNweLUw8cIGgOZsjSYLuT5ajnptKPhRYlY=","ROWWiFxyR0ll0f3lyZGQE8InxilPiY6q/73PoxZ1zcU=","OBhSQQtYu9z3NzBSJlm36YWKyKDfnT/MV/+RuuIse/8=","3hdcHMVxO9+V2sFP+6pOksW6ZX9atT4EATROoJR/LoY=","9UapdGSx8OZ3IakR5350rUW9Ww3L7s+AxWLTZcC0NAE=","xo4QDstUzPYxdnrEUsUWcvBrQGSXGptf3F47EfzDEP4=","wMkxXf5rOg+RFq7/XPlEjU1AuElI5pbRH1OM9FL7o1A=","JH7VwQfIDBWLKfSNM60e2zcWDdC+j2z/XW/teVV8Enw=","XE2GJLifrv9llsHqaM899gnmwkr/QnlmXBNIhaqT2kE=","cNLLDVvEiRmRyymAXTYaQW3LUxvTq4TzAFoPKJG19ik=","4xDXO/N8vLklxX07uCQOX72ogxe4Z+xv0OtJZqDJfnI=","VV6+9r+dIhLsSlwmTBEBwOhmxT19/bEskKIkgBMUGBg=","D4ZtUDdcDtzt+3trNfwpZWq3e9cQcch3jETa6ti7DL0=","T/n0ghZyOR7Dk3ZSF9vXBDJrmMR1iBZKc/nEU60Xq9M=","RtHy9034QMXvwGRxFeVlVQobj/cyzbUCJJCtG5wsYRA=","l8xjh+eCZso6sJL95S9n9Qd7C6C5arXxjeMVF8nPQGk=","ctVm2pE2lugU4UrhiaBKYxt6o5kr3E5fhW0zz0dtl0o=","JYjo4IpFUVOowuR4K5lVvCb9oHcRWfWu3JZ8IMGdqBI=","LVZ8FrQorLD2KzggV514W/+1kfdgKuQc2JZl3QE4tAQ=","MCHK8JC61Ah4qNY2gMSf+Wrp1eoIDaNPZwsBWPpSLWw="],"block_size":4096,"path":"mirroring_common.js"},{"block_hashes":["PrF+D8fshl0l5RAx5msluUmnhZQRkB5fC65Jgr+1r2Q=","ozlFP8+Pn4uBDugXJ9XRNhTWg8ypbQ418GpzVJGroUg=","ZuXmJt9QGDZPOJ3lbqyyPQX0qkK/rWz5SpE729K9Puo=","YC7jt5IWyoG832/iPR9vdGNhZwIjjUQUA7tM3u3WtyU=","Ie+qephT40DhQ/sarVA0BOxsbvVI6HjzMH7xlX2YB5s=","l2Hczz8/Ofo5SanRE/c6UQ/APDl5L3GDPIPnYWjRS1E=","LTFkuhmdQY+m6R+RX0PyyTnx990bEVnxnhnsWxaCVvI=","vaXWrWvMBJKspM4irJCVvsUl6hyeDbdtVWMs3JaieKo=","v8nOro7caDqsTDcH8fMfuCu2j4smfOzlB7eH2xzUYok=","ZJ7PqLBUT+4rOiKwSoe/24LTqMJK3uOvrjr3AMIWiqs=","LX82ixHJAu0tdmszxh5S9sc/kpENlkF47KDqwBfmukw=","/OE3MWvZpDzCRDVYGeCPg4j36OvOj53rHkzBvHUzoiY=","EvaYieG1ZBvQlgn2kfJ2pTGlQ/XCGRlb+3/bmMlpb5E=","PuAtA4fmXfrBwIuXAZ9xsSl6ZOxJ/LVSkWFAn1otIgI=","6832kwdzpyZpPjn2gbyqUjvJZ6RqxO7UWpsctPloF9o=","eK7ymbquHMjfDkZmXEnZkL9XwYLlTXxb+ld1i5GHxSQ=","KUtjQ5ng/3jfsMHUaG5d57zdA1lN3Oc6xK68mwBNu5c=","hWpTHNzGNPoOxne5gJVCT6g1x/88AwgLt1+X0DlBmfQ=","994cdvQkdqsNHvVy322h16pyc1r5ufZBZGojUy9Pz2M=","Js8PY+V/JVwV3bpvuOcgYR5iI0WQ0IwSVijkziiUb9U=","isHijxXEY0hLHuNPH+dDTTH8j0qAZvpHBTYZNsx/35g=","2ARDh6sHVsPVg9Iw5a7C04hfAlsqe4hnooqUBH8FdoM=","uFWVMZEnfv8abwHmQlQnAqEj6FDmr1ZUlhkXcQmiXGo=","c/wz5p1BX8QQUmqXMEXeKvgaoWGcYaUxPfPuonTt8eo=","gnGYwByRHXv3SlUeQe86DVvZxjgeYm1AE/Fa0IMlXeo=","fjgf0+JHkyt98TKMRz8iFc3OfMBCv544UVSBijrk+eY=","be2ZhJs4vJz5Qvt2VhKM2xVsoNdAf2WnGMgb5/RtaTo=","54yEAjRutFCdOOX/RuK3DzX/4kPtVbh3pKx4puwgKoU=","s5XLjaf2dC6FhNt0ZQfNduYe/2CzVpyN3CR1uI22W8s=","70Tvm3NTmH3mxBXrTmF4WR0aVKFkE67zRgqbI4dsyL0=","g7pf+PyUpeu4Z6RJm/UBHUc6EL4Nq/oFlH7TSkpJ2FU=","YHCZK5hDBo+e5ajRc0TnZshRC6lxdIE5q8QIpPNFbVE=","LlRCXopenmK0gDyxIf4sVWycBLdxG6yORcJ8QnNPDYQ=","/wa4A9ATgZ+iMWsNA5vqjPYyx3n/W2mArZdX/iojHvk=","XOaJJMgzLdd5voJVbvciXzwC8gX2KfYigPQejig2C9k=","j9lh2Kb+5ViOySjfwx5TQMHeIqG+a9TcZe1RT9gqIuI=","OoChv9XodeYStZaaZSizej7NO0AVbTDfdFxI2zEI+1o=","+7V300hbIx65+fmsDPzrv452MXrUODaAOPJZw59GyQQ=","33HgmEiDG9j5zOpXQEVTtHy4TxVA2sOwlzRwNoIrxQM=","Bhbp6kroI55pVFggk4xuV0LQGaf3kIX9Ae1R96+4how=","nE3UpTMSk+mkNNJ2aqhBND781KIZ1GkJqF8yllipaXM=","qIIlycuYkeGWVeBRQ11/nqu+OiS/18HOlXbzOyFWiQM=","E8jVImAZFvZnGIyJpcPgC8s8m6LQrBGDLlG+mmeSymo=","6aiivTpWpYyjkdWY5GFL8KUt5okb/bVphMWY59HiQcs=","e1TYEq+ojU9AFWWhFcxOARN4uMB4U1Oh5N4biN3r2W4=","2xkz1XElKK20qDMwKJSQC9ACbqmyfkyIwANHogR8hT4=","jq6NnrCkdSAPknWQebIERyL5Zm4tDSmuIyXOhrPARjc=","wAQ4nCM97hdbO2T7GNvSmondis71+jBaCM+9rP4Iv/k=","hmPV8i9uOnVW2fjuQjvLCi/2bZEJ8rN2Npesz2eyhFY=","leoqDmC0vzPZgJfXJwqRxvVkQjD/M/n9SHkD1U//+bU=","yYC5uNoKdRnqYIll2Df4UioR5FYdINrVlK94m5nKT1Q=","Sm1ZSFhCWjUdcjjsLymW4tTSe/eGHlGWfcueQbD1VcY=","dfqng+Lzk9wfN54o4ub1bB/O+B6pMXeVKmQ/hV1kmhE=","dQytSMdeo33AfrmH/YDIblUvlLNy/wqM0sa6ilJ/KP4=","AaTiIYgTnluisO3VhfPukTWikqtPMGNGSWourMeAsjM=","ORed9abIsDu06oOW99PszyuNEdmLgLTYQmruull4Ais=","phflo/bTJGwBuGB+ZJxVfwRA6is3NH9Izvcy+dIkzOk=","JP5I87BG9sXIBsHgVS1+E9XA6B7jusnqsedyka0orB0=","Xu1OvLYlvtplcXk6gvbBRs2N/4wj3JD0zZZTqWzksbs=","bJIwHD0HnTLPRBENazreReQInHAg5OnMshFe/FJLPms=","LtNQN+E75mPI7hO8oWio0KmaH625b7EZcyNARHBmgdI=","KX/hLdrA5RAe+1ghiSCEO1KmbmOc3Lhhxf1vHZFDERE=","eBxANSuheJzGbJoWc2LSdYkxQviUyqcMU9kmZzYZvrs=","mMkok1Hf+BVkxHhnOeS6Ir/m5b5PSRqd+PD8L5NRFm8=","iu1yJti9Sx8tYlc4ZTf8pZ739CxCjHFq4PHLJPzu7cU=","qTmQF++9k4YgNxRZ4WIQZsdrbzL/ttOd5EkfRcxxP6I=","myTCA/lRaY3xKeOqAlG8wJAMzpwnlbAw2Slk2Xsf+lc=","RYGVJ7TJ2bhF1PfVaGYe61X8Kghswa6I9rkciVMPhOA=","z8AlyZejMeEYeV3H4YCw2Kx1WX++Usc4VzXT9X8lLas=","emxX9gQI9ESaePU+D/3migtOQ88Nz4reDneviAVzY/A=","zcXYz0pU/gfTPRJTJVv1VCH0sOPwcLbDowvWKQznbFc=","eDGEYv/wk8EtTQ9CtAfbcNw/vED7PqPfRvlzMJtQen4=","Znxc5kQkp9NDCiz+hZdN18ga+pPk6SDkyHzhmIzpRT4=","XfHabLGgxw13DXa0Ui5Sf4qXq7okjisVTLiSRWDj+w4=","FoBh9Ct2FAe7TDQK0fd4fWAArTL5VbFPkhEVWk3M0AI=","HfpfNOdUKRAnd8E1kwa+iEmzkSnnJF3XM4xlyMzgPys=","pWNbrz8KxY+sX3Z/r+SLQLKoUd9DWVod/cON237zpZw=","3IJYnVgaYKV8JeguQ0WH1XOE015sdj3ZRtYevOyZhMQ=","3K10WqKfKAgKZ1BIz/V7VzcoIgbEf7gY3mM1i4+PwEc=","wzqsHNJ7J0vEgrIAymsUgzXR3kIFyhewdpHn+3mtSZ4=","g5F1DVw8w0JaNR7URlTr7EeylhvUAn7ir6aC5SnqVZU=","09wrHXFQg895Tk1KBw62TulV123FpY0QGydLpbFGKy0=","bNUOktmZ5va9Cb2izmwe4VLLWEpXKJrKnhdNB8JOVeQ=","gYTz4cwWLRUEsma31crNxmOUomWNtIK4eELwee5yeLs=","3YkW0FnO2KBil5TMLnynj2QfVJj09XPgTQynnrBGMGY=","uj/rQzEMujDu0z9RZlKgn1XrrZaWlIyri5Yk+I53RZA=","J+gtvsbl5MmpYHTVwD5sXiuSJCu9oX+247lLxSPYtfo=","U2hzXXum9u9VU1yWK4SJY96aMgsZ4/ITYguLmSwmcK0=","4C7ur/U7zi3J0jlxREYAI5+OuVCafnLG7oQZ3pYtesk=","LhzoiYA3///Wecc+IGzlENDPqNFnhChyxIY6GJAWDJw=","OjwstQclNTpW3oVH0ZUzaz0rghD7zcZFAyxfhObr4Go=","Ipxri2aqVez6mdubkf0e9ucqNv9xrIGG8umoDY5osHI=","IKt8gQvZXVkfreMlRDTZGGj8TsfE80NWqm/Pw8F15Bo=","O+Sd9GKTj4tZW3ciboGvyVVm4OEAwTMhgf75GrvyaWk=","39boGQFHWFy0u/smyScWh/uq3G8GAF/t9RgvLW66JDQ=","K2GLm2JGe2MJ9Z/bw9PdA9bzq4WvSzXpylVLlS0O4dQ=","3usTlI70/cV686cCxrXwvWpWWJAGpQ6i2NkT7hmV7rE=","xVyZF/OAzSj/KDSIh+VK7gOHfmYtEYeTGY2jEx8jWr0=","vFaYvu1SSOtlF07w2uGq/gaE6qdgqPffx4B2yL4YhPU=","WP5KCzjzuZuEk8/ALVbURX5vzTKVRbb0/yeEgT666Pw=","rCJ6oSS1ZkXuCjgyIdP0yimHDTFUSy7C5imuNkXfdf4=","vD2trGhMjV9ZAGVVshgLB6LH075lfm9mm44Uph00Q6E=","xiD9/7+UcgnQSj4SujIuK73vDeCWOvPr/wPul2dZQ9A=","sSZyIoJ+/KFYYZ8pjt0tvNHVKbu6UoQwkJJJPMooJkE=","Hj33zak6UP1mS2G7k69ItZQ9SoT327pNU5ZAr+szrr8=","32JJeqjN7LO3g3XkFH93ydFIsw/KN4N88UDMIladC8U=","qoNcPguoFxKQS9BQqHmn1P8el1AnZFFI09RZkyCMQuI=","5ACcxaOATkTPhQgxhJhyRYBrquuEF1ntqFANC3+vfsU=","eIhxMoA442BMq3q0cIbCY7h/nA5sh3HaKpWtud1ypdY=","iPNF8KWLISWTqjSACoyHPKYmr5XB3JJuXzt0B6n20OU=","rWErULf4ZER2jVYdl0mJ8nbRSAAkRxgOxdzPsBRN8Ig=","9J31e7A4c9LpiSEpaO/fHUpghCq+Fji+qtPjqnxR+X8=","Eb+2X59luy0IFe/9Rckvk5i9snMal764A/khty6Rgag=","usnGLs0hm0FmleZ6LzJFqfs6EZJbhBsPppYY55nCIJI=","7L7ifmjYKT+jamW315UTLmC9nMckzWFxZVOCaFM/JpM=","07mIk8A3GAgDrLigyDsfSFk4CYes3fVgjkwAVXnnnlU=","8KpiL+pwW5XrFM6vLUmzmku6l7zhrIwJOmIVND7bTzQ=","FgeoeTsXNv0eDcYGO0Or+HT1g+SxckRCfoKrWM0mD7U=","jcrB96RnXGuOO6tEAcxdgNeXDITSGcScG8JSoELhKew=","xaVQ9U+NwM8tbe/ozqLCkb09xO0MiFfyHpcLYkj6nsM=","h9ssyCWXkYqdZeNsDQaa/d82esPQP3lV4Fbt2wtWykA=","/V0bm7tyXpLBH9GtSMCmD2X6Mmxe/bxWFDe4yRKoDtE=","1k37UKdpjMfYLeLpGPGSUAGNI3TPoLA+zmhvpJL1+BE=","hAtGqHHHL8yk7G5HFSI4LXHfqz/1OshGsrrqwBucZkE=","B+w2xp/6czzpcactHSnvzhPyZdJvVU4S2b6EFLj52uA=","tmPvs/lwuYPEdbUMWFwv95MvaDey6BkkAyemm+i52/A=","wftNOS+oJ8HU8rQDCTDMlcrh7H4JRuwJHjWwatngyns=","0e8eMNkyPpsb9Gs6UuI1velrRdKs6VUWvbW83nPIK4o=","bmTGZadG2OlLwdugrFNnUOAb0CehIk5HfpAyrh6bOqA=","fGKXsZIHyrvkevSyj0eq84r8+9XNleGTWOIqNcDfN6k=","O21hUbuwmiaes/vmvQinlj0oCU0TdjPKGTEXsz1qpTo=","mcrRlhyMP/SPuR813MCau53c0nfSfAcX6JQR504IQhU=","sCZ+PniG4hBqVtSkhOBxsjvKmvvK0wQPRPXJPwUNm4s=","gC+LmEqNmSJRFEQVeFFqf5BY+91ZsbFHTa+H0VAuxCY=","RFSZd9392N7RnOh91bR6DmZmOUVvpm6xcSyXEYcikEs=","PdOzV/52tDK9fgTbC7bxZgs+/u2Dg6rxAgSScbQlyL0=","K+BvpRhunLLWUMLbmZ42m/CX3P4aV60mL4l9+aiOY1s=","j02gYPByIYkeFEYyU+kNjN3MHIeZUym1obLywSPk7sI=","7gZbR5vO+VUuHUlBiiteSiUgMroBBLr6q70SNKnRZU8=","UqZZXJXvfWT1kpT3+09xbSUMl6rtl+pAhQdvrLgo/J8=","mSWmtsq/XkIjBUqXvzsnIN1JLnCnV1TphwoghoVPZVc=","op7GYoq00c7GuWC/Y6ylbCVHGhEmidSVmjct2Iz54IE=","k90qVxoJjUPE34EuS4iEH+QcWDGyVQiLZ8eYY7vBEVg=","kvdfEAyQQVdOp1xNZM2favoG6F0be1YjKTob6Zf3gwA=","cEaDWo06hdRvVV9a9T/cBsRkR1oHplguvuw3movYopE=","QeEGduEcWxw59E9LmCXdEASIGiK98E+n23/IcD/zNxo=","EiJ1mCmVQN7wDlRhr0y3OlzmtaT75eXaC0m/EL+XOKQ=","mMTePZGQAAynsS99TLJbWTtVX3dz9Ore+ojLf2A/lT0=","DlGTc17z1XiKfMNDrubDlK7jsFtnPRcT12NzIMDiUiY=","hyszGyfXKMv2dni+JvS3u8frqDwy/HSdqElfc9abqyg=","ku+JucJH66rWLnFt5rJOQsbopGD2BT3MaCP2h7o14Ak=","1bEG97YFiPCNpqtf0VwZHbpqlwjXdWrUcWJIwRRqY7k=","mxE51f8eGumjiUCs8OsY5hUmVFUoR1AKYtNFMg8SjZ8=","Hak9Dj4PjOGB8JWEI4dTV+JkOX2u7TC2Jab09BQKjz8=","vs7mP8ovMi9ZnzAw1NDXNXcwXISstaii7TSMIiZQDdY=","wwnDaHgBNG+LVN3rvH5YJ+xlfnM+LbJhMGtid9YeOTI=","B8qg0TuPS469CLHP/5hTNo8WED4x3avKridYPkhoigY=","suAgqV+eNUAOHwrb6yDH7QKTViZBDrw//LFsFSGnx/4=","3dDy40Oibd4hmWvadTHr49eBYLzNl+qdczWN2iwnHkU=","pNht2wSKZgrVFNLBSjh+XLDOBSModGSIJvvZKu4WwPw=","n3R89tjjaoIWNdDuWAHTDJ/iBH/Ppp0m7zZTL7LTClU=","s0iJFiP05PayhetFtvSfYnJOYhGjm79lLOS/0EUC4iQ=","zgypuHnHlB3mVGcT9Xz+HmzXozMW3MiewVodVjk9MVg=","+slZANrDJMQ8OXLEfN/ReFBiSfOpTdzHtusShsy2EZ0=","jIOn5TAoz/G/RcXIirG59D8Ug7enXEZNqenfET/PwaM=","BjsBnWvp4Nmb4+ZklsujmDud21UpMreuaTvPBvApE1w=","Esv8eA+Q8UDQLaSMHtfb7mKeCroOln00J6RlYtYMx2Y=","ZTDRUR0vz3LNHt9nXLslVYT8vk324yHdCvr9MavuVWk=","d3WLSTVIJqaG7olABHjp1onWC7zTfdyzzK4PZnzhnmg=","w0hCwbc7sW57YsfoQ3kE45JHFAZonz9Z1AZHlQKi0k4=","d2xhZkQ6ZLJQZtnYMvDLkr35oNlBetRekv/LuLCN/UQ=","gH/2GHsoRin+bMn3x2v12gyBMm3dyRsLMGcMvmtfNsw=","/teE0HNgSJKPjmhGeqJHYIOykVPS1YKdBzr2ei6nusA=","Isv3iq2UDJvBRlyqbb5JqnnpqZqupkAco/C6FJqS04w="],"block_size":4096,"path":"mirroring_hangouts.js"},{"block_hashes":["voGl5kfKDRnY6FpdlRQAV6NG46AsE8FvMpO1mY0QiUY="],"block_size":4096,"path":"mirroring_webrtc.js"}],"version":2}