{"file_hashes":[{"block_hashes":["qhIgWxCHUM+foJeEYabYiB5OgNogqEbYJNpAadnJGEc="],"block_size":4096,"path":"_locales/af/messages.json"},{"block_hashes":["YURw2jxQNKzmSfF4a+qq0slPRHW8yIWDkLch8G+3v2Q="],"block_size":4096,"path":"_locales/az/messages.json"},{"block_hashes":["3fFoWaFfPrMzTWJBl1yjmIrD6vw9lkUqw6Sv02RMhVA="],"block_size":4096,"path":"_locales/be/messages.json"},{"block_hashes":["pIJmMpKpE7AqnN5GNcfJInC/PIcm/SdEddwsSQAZp8k="],"block_size":4096,"path":"_locales/cy/messages.json"},{"block_hashes":["AQ/dSosZDgpNzo/PW9cXccnHFlI0z2nYvme/L5tqrtw="],"block_size":4096,"path":"_locales/eu/messages.json"},{"block_hashes":["mJBxDfD78dtBvOQf4vYkJKO9OddV0p6Cl0TtPaDCzh0="],"block_size":4096,"path":"_locales/gl/messages.json"},{"block_hashes":["Cxbj+L2QSnZyhDRa6GoKmSfEev6J4F6isTrYAAm9+eQ="],"block_size":4096,"path":"_locales/hy/messages.json"},{"block_hashes":["4WMl0aZB73Qh8rr81kM9U1Q8idSY3ZZBmwPLpgucfWA="],"block_size":4096,"path":"_locales/is/messages.json"},{"block_hashes":["fbbn3qRPeMeMnpwugYZbvp7yd37o/JKMeePUMlH3rm8="],"block_size":4096,"path":"_locales/iw/messages.json"},{"block_hashes":["MImLv1G91Y2zl/94DwYeM0MaOO9c/CiLUXfs92s5nyY="],"block_size":4096,"path":"_locales/ka/messages.json"},{"block_hashes":["VI3GyW4xoWzjVdxVxkgzsI7z+6i/MxSQMbSmhZWeOvQ="],"block_size":4096,"path":"_locales/kk/messages.json"},{"block_hashes":["phGPCg3jKeB8AfU81vtP7UPlTF9T20zRx/WytNn7EOY="],"block_size":4096,"path":"_locales/km/messages.json"},{"block_hashes":["iQgvsFIpgmvCIvXSLBWCNfAl8ObfZ/8TWhi9iZ4Tu48="],"block_size":4096,"path":"_locales/lo/messages.json"},{"block_hashes":["YT2HUfbMnT+jGfS36osr077Tf9B3SCyoJZKd18Eqaag="],"block_size":4096,"path":"_locales/mn/messages.json"},{"block_hashes":["JDvvvWtnohQz3Ml9wacoiW06Bw3CAFXrBNZE4buVX+c="],"block_size":4096,"path":"_locales/my/messages.json"},{"block_hashes":["s+HGRYr0i5xQgEp2p+belX6TNgh3nF8eihdmYjvR8d8="],"block_size":4096,"path":"_locales/ne/messages.json"},{"block_hashes":["s+zieZQ7KMjYVeyGrBzlO9+2pwkkDWU1CHZEk6dfdRg="],"block_size":4096,"path":"_locales/no/messages.json"},{"block_hashes":["lMKAtddlshszs3A+5EhRfTuaSnmdsf/uMNSSbcQAO9o="],"block_size":4096,"path":"_locales/pa/messages.json"},{"block_hashes":["VCQevmUag0QjXMR6/SdMCAq668jDolr7ldg3O2pWcKI="],"block_size":4096,"path":"_locales/si/messages.json"},{"block_hashes":["UEVJBXpqGCpATDYRLSRQhkpstFdM0Oj0NcpVb6xSqwo="],"block_size":4096,"path":"_locales/ur/messages.json"},{"block_hashes":["MPRM+tBS1z2G0S+iDPwRFWOjsuRSO0P31m2TS6jazpE="],"block_size":4096,"path":"_locales/zh_HK/messages.json"},{"block_hashes":["7Hjd1MzzK1127HAaIBZ8P70UbXmlBeT7BCH8Hlz0qmM="],"block_size":4096,"path":"_locales/zu/messages.json"},{"block_hashes":["bGnOD+b6sU8ZkKMg1wT+42LBdcAOtskiSqb0EQiRjKY="],"block_size":4096,"path":"dasherSettingSchema.json"},{"block_hashes":["SsgPUZNMDeCvcaSOT/j7I3egSs/yBYib9uvK8svEi4w=","/dGD6dQWSbBscgWVpVDP7PKOBhdTYvZ/e64Xc1YrWIc=","b/11oxpGQy1j7uvqZLQKow6SBNQsV3A0ldxpJCjwRn4=","yCVHrPpJdkiwAQo7xxua8akqG1JOMwxLDwWSyPQjODQ=","NvxVCgQq/OsBreaJ1rsTekkvudwiTvb9eznUHjsjRZA=","OOQA5GenAqyVcGe1jxFL8JW5w/G+MU/BazRXtpdWoZE=","dp4apjCW+uYiP1gR351bAHm7Tet4kCGLhOUxRg2N8PA=","SodjIChIugl/9EnKmux4th3582waw0RJ+HiMNgCk5TY=","xG2EqP7dGh79YhuOPIGntAXpbbJFq5yZ9viNSzwGXRs=","hc7j4AtidAnc00dbe37yppnytpQzSBN0p01i3KFtdyU=","vYKgzBqQqehyyezI7sQ22x1GLPRy1iLrzoM5Ia6jxLc=","9CkgXUWU0BXXon68JgTwhg9VrTn9KAvtmlkNBBOtiz8=","avvOYCaTyNyS869QoHCB0/itgBmOL6q+8yW00wI7Uao=","csIGYZFHGQoAfhnp03Hu24BPsjM6jn5CENilp69qbjM=","do7XA152g+le+fZUZIACuJaUFID7kcnPs0flzqt27S8=","qzAA0E0spOyWP2perNw9e18h8Cd+H4TTf8cYiIvuR/Q=","VmsEDQDVfjIiPvY/PDyQZSMwUBMMmH0tHiysGnhuRGk="],"block_size":4096,"path":"eventpage_bin_prod.js"},{"block_hashes":["4cTgFQUT+YApWwaUZvx2JLc+/GFTpKzAzBM0dyoRN8A="],"block_size":4096,"path":"page_embed_script.js"}],"version":2}